Title,Company,Location,Link
"Data Scientist","Turo","San Francisco, CA","https://www.linkedin.com/jobs/view/data-scientist-at-turo-4366309678?position=1&pageNum=0&refId=1Cc1Y1H%2B0ZXDYMO%2FRNzn0Q%3D%3D&trackingId=wB8rSHn3SBVOpZioMciFAA%3D%3D"
"Associate Consultant, AI/ML","IQVIA","Bengaluru, Karnataka, India","https://in.linkedin.com/jobs/view/associate-consultant-ai-ml-at-iqvia-4372842243?position=2&pageNum=0&refId=1Cc1Y1H%2B0ZXDYMO%2FRNzn0Q%3D%3D&trackingId=DKDvsmQdp9c8h4HJWNwN7Q%3D%3D"
"Analista de Soluções JR | Processo & AI","BTG Pactual","São Paulo, São Paulo, Brazil","https://br.linkedin.com/jobs/view/analista-de-solu%C3%A7%C3%B5es-jr-processo-ai-at-btg-pactual-4366254891?position=3&pageNum=0&refId=1Cc1Y1H%2B0ZXDYMO%2FRNzn0Q%3D%3D&trackingId=EZcvTkwUnr%2FbDVDWmaK1bQ%3D%3D"
"Data Science Intern (Python, SQL, Pandas)","ArGo Intern","India","https://in.linkedin.com/jobs/view/data-science-intern-python-sql-pandas-at-argo-intern-4372844195?position=4&pageNum=0&refId=1Cc1Y1H%2B0ZXDYMO%2FRNzn0Q%3D%3D&trackingId=b9YZhyrlTy%2FlX%2Bxy7DKZsg%3D%3D"
"Data Scientist","UiPath","Greater Jaipur Area","https://in.linkedin.com/jobs/view/data-scientist-at-uipath-4371957148?position=5&pageNum=0&refId=1Cc1Y1H%2B0ZXDYMO%2FRNzn0Q%3D%3D&trackingId=xmfNAIHjXebZpEIWGb8tWw%3D%3D"
"Python Developer | Hyderabad","Capgemini","Hyderabad, Telangana, India","https://in.linkedin.com/jobs/view/python-developer-hyderabad-at-capgemini-4369780496?position=6&pageNum=0&refId=1Cc1Y1H%2B0ZXDYMO%2FRNzn0Q%3D%3D&trackingId=BknNSpEmY6PRAnd2v3%2FUvA%3D%3D"
"AI / ML Engineer","Accenture services Pvt Ltd","Greater Bengaluru Area","https://in.linkedin.com/jobs/view/ai-ml-engineer-at-accenture-services-pvt-ltd-4372837552?position=7&pageNum=0&refId=1Cc1Y1H%2B0ZXDYMO%2FRNzn0Q%3D%3D&trackingId=zdcfIZojjOF9q7s5Sxakxw%3D%3D"
"AI/ML TESTING-AI, ML, DEEP LEARNING, DATA MINING, ANALYTICS","Zensar Technologies","Chennai, Tamil Nadu, India","https://in.linkedin.com/jobs/view/ai-ml-testing-ai-ml-deep-learning-data-mining-analytics-at-zensar-technologies-4372840457?position=8&pageNum=0&refId=1Cc1Y1H%2B0ZXDYMO%2FRNzn0Q%3D%3D&trackingId=9vHWpkCSkzHBwQG13husLA%3D%3D"
"AI ML Engineer","Tata Consultancy Services","Bengaluru, Karnataka, India","https://in.linkedin.com/jobs/view/ai-ml-engineer-at-tata-consultancy-services-4372835846?position=9&pageNum=0&refId=1Cc1Y1H%2B0ZXDYMO%2FRNzn0Q%3D%3D&trackingId=t9dtc02%2BG5KLrh%2BZJytmbQ%3D%3D"
"Machine Learning Intern","Staffline Solutions","Greater London, England, United Kingdom","https://uk.linkedin.com/jobs/view/machine-learning-intern-at-staffline-solutions-4371954572?position=10&pageNum=0&refId=1Cc1Y1H%2B0ZXDYMO%2FRNzn0Q%3D%3D&trackingId=4%2BCSudW%2BFFY4tSufYIjOnw%3D%3D"